-- --------------------------------------------------------
-- Host:                         127.0.0.1
-- Server version:               5.6.17 - MySQL Community Server (GPL)
-- Server OS:                    Win32
-- HeidiSQL Version:             8.3.0.4694
-- --------------------------------------------------------

/*!40101 SET @OLD_CHARACTER_SET_CLIENT=@@CHARACTER_SET_CLIENT */;
/*!40101 SET NAMES utf8 */;
/*!40014 SET @OLD_FOREIGN_KEY_CHECKS=@@FOREIGN_KEY_CHECKS, FOREIGN_KEY_CHECKS=0 */;
/*!40101 SET @OLD_SQL_MODE=@@SQL_MODE, SQL_MODE='NO_AUTO_VALUE_ON_ZERO' */;

-- Dumping database structure for spartan
CREATE DATABASE IF NOT EXISTS `spartan` /*!40100 DEFAULT CHARACTER SET latin1 */;
USE `spartan`;


-- Dumping structure for table spartan.customer
CREATE TABLE IF NOT EXISTS `customer` (
  `phone` varchar(15) NOT NULL,
  `fname` varchar(20) DEFAULT NULL,
  `lname` varchar(20) DEFAULT NULL,
  `address` varchar(40) NOT NULL,
  PRIMARY KEY (`phone`)
) ENGINE=InnoDB DEFAULT CHARSET=latin1;

-- Dumping data for table spartan.customer: ~12 rows (approximately)
/*!40000 ALTER TABLE `customer` DISABLE KEYS */;
INSERT INTO `customer` (`phone`, `fname`, `lname`, `address`) VALUES
	('1-123-2344', 'amar', 'rachabattuni', 'NewYork'),
	('123', NULL, NULL, 'vijay'),
	('123123123', 'kavitha', 'rachabattuni', 'bangalore india 566075'),
	('123123124', 'kavitha', 'rachabattuni', 'bangalore india 566075'),
	('123123125', 'kavitha', 'rachabattuni', 'bangalore india 566075'),
	('123123126', 'kavitha', 'rachabattuni', 'bangalore india 566075'),
	('123123127', 'kavitha', 'rachabattuni', 'bangalore india 566075'),
	('123123129', 'kavitha', 'rachabattuni', 'bangalore india 566075'),
	('125', NULL, NULL, 'vijay'),
	('128', NULL, NULL, 'vijay'),
	('129', NULL, NULL, 'vijay'),
	('130', NULL, NULL, 'vijay'),
	('2147483647', 'vijay', 'rachabattuni', 'Shadyside inn, Pittsburgh, USA');
/*!40000 ALTER TABLE `customer` ENABLE KEYS */;


-- Dumping structure for table spartan.orderdetails
CREATE TABLE IF NOT EXISTS `orderdetails` (
  `orderNo` int(11) NOT NULL,
  `widgetId` int(11) NOT NULL,
  `quantity` int(11) NOT NULL
) ENGINE=InnoDB DEFAULT CHARSET=latin1;

-- Dumping data for table spartan.orderdetails: ~3,218 rows (approximately)
/*!40000 ALTER TABLE `orderdetails` DISABLE KEYS */;
INSERT INTO `orderdetails` (`orderNo`, `widgetId`, `quantity`) VALUES
	(105, 1, 20),
	(101, 2, 23),
	(106, 1, 20),
	(107, 1, 20),
	(108, 1, 20),
	(109, 1, 20),
	(110, 1, 20),
	(111, 1, 20),
	(112, 1, 20),
	(113, 1, 20),
	(200, 1, 20),
	(200, 2, 20),
	(200, 1, 20),
	(200, 2, 20),
	(115, 1, 0),
	(115, 2, 4),
	(115, 3, 8),
	(115, 4, 12),
	(116, 1, 0),
	(116, 2, 4),
	(116, 3, 8),
	(116, 4, 12),
	(116, 1, 16),
	(116, 2, 20),
	(116, 3, 24),
	(116, 4, 28),
	(116, 1, 32),
	(116, 2, 36),
	(116, 3, 40),
	(116, 4, 44),
	(116, 1, 48),
	(116, 2, 52),
	(116, 3, 56),
	(116, 4, 60),
	(116, 1, 64),
	(116, 2, 68),
	(116, 3, 72),
	(116, 4, 76),
	(116, 1, 80),
	(116, 2, 84),
	(116, 3, 88),
	(116, 4, 92),
	(116, 1, 96),
	(116, 2, 100),
	(116, 3, 104),
	(116, 4, 108),
	(116, 1, 112),
	(116, 2, 116),
	(116, 3, 120),
	(116, 4, 124),
	(116, 1, 128),
	(116, 2, 132),
	(116, 3, 136),
	(116, 4, 140),
	(116, 1, 144),
	(116, 2, 148),
	(116, 3, 152),
	(116, 4, 156),
	(116, 1, 160),
	(116, 2, 164),
	(116, 3, 168),
	(116, 4, 172),
	(116, 1, 176),
	(116, 2, 180),
	(116, 3, 184),
	(116, 4, 188),
	(116, 1, 192),
	(116, 2, 196),
	(116, 3, 200),
	(116, 4, 204),
	(116, 1, 208),
	(116, 2, 212),
	(116, 3, 216),
	(116, 4, 220),
	(116, 1, 224),
	(116, 2, 228),
	(116, 3, 232),
	(116, 4, 236),
	(116, 1, 240),
	(116, 2, 244),
	(116, 3, 248),
	(116, 4, 252),
	(116, 1, 256),
	(116, 2, 260),
	(116, 3, 264),
	(116, 4, 268),
	(116, 1, 272),
	(116, 2, 276),
	(116, 3, 280),
	(116, 4, 284),
	(116, 1, 288),
	(116, 2, 292),
	(116, 3, 296),
	(116, 4, 300),
	(116, 1, 304),
	(116, 2, 308),
	(116, 3, 312),
	(116, 4, 316),
	(116, 1, 320),
	(116, 2, 324),
	(116, 3, 328),
	(116, 4, 332),
	(116, 1, 336),
	(116, 2, 340),
	(116, 3, 344),
	(116, 4, 348),
	(116, 1, 352),
	(116, 2, 356),
	(116, 3, 360),
	(116, 4, 364),
	(116, 1, 368),
	(116, 2, 372),
	(116, 3, 376),
	(116, 4, 380),
	(116, 1, 384),
	(116, 2, 388),
	(116, 3, 392),
	(116, 4, 396),
	(116, 1, 400),
	(116, 2, 404),
	(116, 3, 408),
	(116, 4, 412),
	(116, 1, 416),
	(116, 2, 420),
	(116, 3, 424),
	(116, 4, 428),
	(116, 1, 432),
	(116, 2, 436),
	(116, 3, 440),
	(116, 4, 444),
	(116, 1, 448),
	(116, 2, 452),
	(116, 3, 456),
	(116, 4, 460),
	(116, 1, 464),
	(116, 2, 468),
	(116, 3, 472),
	(116, 4, 476),
	(116, 1, 480),
	(116, 2, 484),
	(116, 3, 488),
	(116, 4, 492),
	(116, 1, 496),
	(116, 2, 500),
	(116, 3, 504),
	(116, 4, 508),
	(116, 1, 512),
	(116, 2, 516),
	(116, 3, 520),
	(116, 4, 524),
	(116, 1, 528),
	(116, 2, 532),
	(116, 3, 536),
	(116, 4, 540),
	(116, 1, 544),
	(116, 2, 548),
	(116, 3, 552),
	(116, 4, 556),
	(116, 1, 560),
	(116, 2, 564),
	(116, 3, 568),
	(116, 4, 572),
	(116, 1, 576),
	(116, 2, 580),
	(116, 3, 584),
	(116, 4, 588),
	(116, 1, 592),
	(116, 2, 596),
	(116, 3, 600),
	(116, 4, 604),
	(116, 1, 608),
	(116, 2, 612),
	(116, 3, 616),
	(116, 4, 620),
	(116, 1, 624),
	(116, 2, 628),
	(116, 3, 632),
	(116, 4, 636),
	(116, 1, 640),
	(116, 2, 644),
	(116, 3, 648),
	(116, 4, 652),
	(116, 1, 656),
	(116, 2, 660),
	(116, 3, 664),
	(116, 4, 668),
	(116, 1, 672),
	(116, 2, 676),
	(116, 3, 680),
	(116, 4, 684),
	(116, 1, 688),
	(116, 2, 692),
	(116, 3, 696),
	(116, 4, 700),
	(116, 1, 704),
	(116, 2, 708),
	(116, 3, 712),
	(116, 4, 716),
	(116, 1, 720),
	(116, 2, 724),
	(116, 3, 728),
	(116, 4, 732),
	(116, 1, 736),
	(116, 2, 740),
	(116, 3, 744),
	(116, 4, 748),
	(116, 1, 752),
	(116, 2, 756),
	(116, 3, 760),
	(116, 4, 764),
	(116, 1, 768),
	(116, 2, 772),
	(116, 3, 776),
	(116, 4, 780),
	(116, 1, 784),
	(116, 2, 788),
	(116, 3, 792),
	(116, 4, 796),
	(116, 1, 800),
	(116, 2, 804),
	(116, 3, 808),
	(116, 4, 812),
	(116, 1, 816),
	(116, 2, 820),
	(116, 3, 824),
	(116, 4, 828),
	(116, 1, 832),
	(116, 2, 836),
	(116, 3, 840),
	(116, 4, 844),
	(116, 1, 848),
	(116, 2, 852),
	(116, 3, 856),
	(116, 4, 860),
	(116, 1, 864),
	(116, 2, 868),
	(116, 3, 872),
	(116, 4, 876),
	(116, 1, 880),
	(116, 2, 884),
	(116, 3, 888),
	(116, 4, 892),
	(116, 1, 896),
	(116, 2, 900),
	(116, 3, 904),
	(116, 4, 908),
	(116, 1, 912),
	(116, 2, 916),
	(116, 3, 920),
	(116, 4, 924),
	(116, 1, 928),
	(116, 2, 932),
	(116, 3, 936),
	(116, 4, 940),
	(116, 1, 944),
	(116, 2, 948),
	(116, 3, 952),
	(116, 4, 956),
	(116, 1, 960),
	(116, 2, 964),
	(116, 3, 968),
	(116, 4, 972),
	(116, 1, 976),
	(116, 2, 980),
	(116, 3, 984),
	(116, 4, 988),
	(116, 1, 992),
	(116, 2, 996),
	(116, 3, 1000),
	(116, 4, 1004),
	(116, 1, 1008),
	(116, 2, 1012),
	(116, 3, 1016),
	(116, 4, 1020),
	(116, 1, 1024),
	(116, 2, 1028),
	(116, 3, 1032),
	(116, 4, 1036),
	(116, 1, 1040),
	(116, 2, 1044),
	(116, 3, 1048),
	(116, 4, 1052),
	(116, 1, 1056),
	(116, 2, 1060),
	(116, 3, 1064),
	(116, 4, 1068),
	(116, 1, 1072),
	(116, 2, 1076),
	(116, 3, 1080),
	(116, 4, 1084),
	(116, 1, 1088),
	(116, 2, 1092),
	(116, 3, 1096),
	(116, 4, 1100),
	(116, 1, 1104),
	(116, 2, 1108),
	(116, 3, 1112),
	(116, 4, 1116),
	(116, 1, 1120),
	(116, 2, 1124),
	(116, 3, 1128),
	(116, 4, 1132),
	(116, 1, 1136),
	(116, 2, 1140),
	(116, 3, 1144),
	(116, 4, 1148),
	(116, 1, 1152),
	(116, 2, 1156),
	(116, 3, 1160),
	(116, 4, 1164),
	(116, 1, 1168),
	(116, 2, 1172),
	(116, 3, 1176),
	(116, 4, 1180),
	(116, 1, 1184),
	(116, 2, 1188),
	(116, 3, 1192),
	(116, 4, 1196),
	(116, 1, 1200),
	(116, 2, 1204),
	(116, 3, 1208),
	(116, 4, 1212),
	(116, 1, 1216),
	(116, 2, 1220),
	(116, 3, 1224),
	(116, 4, 1228),
	(116, 1, 1232),
	(116, 2, 1236),
	(116, 3, 1240),
	(116, 4, 1244),
	(116, 1, 1248),
	(116, 2, 1252),
	(116, 3, 1256),
	(116, 4, 1260),
	(116, 1, 1264),
	(116, 2, 1268),
	(116, 3, 1272),
	(116, 4, 1276),
	(116, 1, 1280),
	(116, 2, 1284),
	(116, 3, 1288),
	(116, 4, 1292),
	(116, 1, 1296),
	(116, 2, 1300),
	(116, 3, 1304),
	(116, 4, 1308),
	(116, 1, 1312),
	(116, 2, 1316),
	(116, 3, 1320),
	(116, 4, 1324),
	(116, 1, 1328),
	(116, 2, 1332),
	(116, 3, 1336),
	(116, 4, 1340),
	(116, 1, 1344),
	(116, 2, 1348),
	(116, 3, 1352),
	(116, 4, 1356),
	(116, 1, 1360),
	(116, 2, 1364),
	(116, 3, 1368),
	(116, 4, 1372),
	(116, 1, 1376),
	(116, 2, 1380),
	(116, 3, 1384),
	(116, 4, 1388),
	(116, 1, 1392),
	(116, 2, 1396),
	(116, 3, 1400),
	(116, 4, 1404),
	(116, 1, 1408),
	(116, 2, 1412),
	(116, 3, 1416),
	(116, 4, 1420),
	(116, 1, 1424),
	(116, 2, 1428),
	(116, 3, 1432),
	(116, 4, 1436),
	(116, 1, 1440),
	(116, 2, 1444),
	(116, 3, 1448),
	(116, 4, 1452),
	(116, 1, 1456),
	(116, 2, 1460),
	(116, 3, 1464),
	(116, 4, 1468),
	(116, 1, 1472),
	(116, 2, 1476),
	(116, 3, 1480),
	(116, 4, 1484),
	(116, 1, 1488),
	(116, 2, 1492),
	(116, 3, 1496),
	(116, 4, 1500),
	(116, 1, 1504),
	(116, 2, 1508),
	(116, 3, 1512),
	(116, 4, 1516),
	(116, 1, 1520),
	(116, 2, 1524),
	(116, 3, 1528),
	(116, 4, 1532),
	(116, 1, 1536),
	(116, 2, 1540),
	(116, 3, 1544),
	(116, 4, 1548),
	(116, 1, 1552),
	(116, 2, 1556),
	(116, 3, 1560),
	(116, 4, 1564),
	(116, 1, 1568),
	(116, 2, 1572),
	(116, 3, 1576),
	(116, 4, 1580),
	(116, 1, 1584),
	(116, 2, 1588),
	(116, 3, 1592),
	(116, 4, 1596),
	(117, 1, 0),
	(117, 2, 4),
	(117, 3, 8),
	(117, 4, 12),
	(117, 1, 16),
	(117, 2, 20),
	(117, 3, 24),
	(117, 4, 28),
	(117, 1, 32),
	(117, 2, 36),
	(117, 3, 40),
	(117, 4, 44),
	(117, 1, 48),
	(117, 2, 52),
	(117, 3, 56),
	(117, 4, 60),
	(117, 1, 64),
	(117, 2, 68),
	(117, 3, 72),
	(117, 4, 76),
	(117, 1, 80),
	(117, 2, 84),
	(117, 3, 88),
	(117, 4, 92),
	(117, 1, 96),
	(117, 2, 100),
	(117, 3, 104),
	(117, 4, 108),
	(117, 1, 112),
	(117, 2, 116),
	(117, 3, 120),
	(117, 4, 124),
	(117, 1, 128),
	(117, 2, 132),
	(117, 3, 136),
	(117, 4, 140),
	(117, 1, 144),
	(117, 2, 148),
	(117, 3, 152),
	(117, 4, 156),
	(117, 1, 160),
	(117, 2, 164),
	(117, 3, 168),
	(117, 4, 172),
	(117, 1, 176),
	(117, 2, 180),
	(117, 3, 184),
	(117, 4, 188),
	(117, 1, 192),
	(117, 2, 196),
	(117, 3, 200),
	(117, 4, 204),
	(117, 1, 208),
	(117, 2, 212),
	(117, 3, 216),
	(117, 4, 220),
	(117, 1, 224),
	(117, 2, 228),
	(117, 3, 232),
	(117, 4, 236),
	(117, 1, 240),
	(117, 2, 244),
	(117, 3, 248),
	(117, 4, 252),
	(117, 1, 256),
	(117, 2, 260),
	(117, 3, 264),
	(117, 4, 268),
	(117, 1, 272),
	(117, 2, 276),
	(117, 3, 280),
	(117, 4, 284),
	(117, 1, 288),
	(117, 2, 292),
	(117, 3, 296),
	(117, 4, 300),
	(117, 1, 304),
	(117, 2, 308),
	(117, 3, 312),
	(117, 4, 316),
	(117, 1, 320),
	(117, 2, 324),
	(117, 3, 328),
	(117, 4, 332),
	(117, 1, 336),
	(117, 2, 340),
	(117, 3, 344),
	(117, 4, 348),
	(117, 1, 352),
	(117, 2, 356),
	(117, 3, 360),
	(117, 4, 364),
	(117, 1, 368),
	(117, 2, 372),
	(117, 3, 376),
	(117, 4, 380),
	(117, 1, 384),
	(117, 2, 388),
	(117, 3, 392),
	(117, 4, 396),
	(117, 1, 400),
	(117, 2, 404),
	(117, 3, 408),
	(117, 4, 412),
	(117, 1, 416),
	(117, 2, 420),
	(117, 3, 424),
	(117, 4, 428),
	(117, 1, 432),
	(117, 2, 436),
	(117, 3, 440),
	(117, 4, 444),
	(117, 1, 448),
	(117, 2, 452),
	(117, 3, 456),
	(117, 4, 460),
	(117, 1, 464),
	(117, 2, 468),
	(117, 3, 472),
	(117, 4, 476),
	(117, 1, 480),
	(117, 2, 484),
	(117, 3, 488),
	(117, 4, 492),
	(117, 1, 496),
	(117, 2, 500),
	(117, 3, 504),
	(117, 4, 508),
	(117, 1, 512),
	(117, 2, 516),
	(117, 3, 520),
	(117, 4, 524),
	(117, 1, 528),
	(117, 2, 532),
	(117, 3, 536),
	(117, 4, 540),
	(117, 1, 544),
	(117, 2, 548),
	(117, 3, 552),
	(117, 4, 556),
	(117, 1, 560),
	(117, 2, 564),
	(117, 3, 568),
	(117, 4, 572),
	(117, 1, 576),
	(117, 2, 580),
	(117, 3, 584),
	(117, 4, 588),
	(117, 1, 592),
	(117, 2, 596),
	(117, 3, 600),
	(117, 4, 604),
	(117, 1, 608),
	(117, 2, 612),
	(117, 3, 616),
	(117, 4, 620),
	(117, 1, 624),
	(117, 2, 628),
	(117, 3, 632),
	(117, 4, 636),
	(117, 1, 640),
	(117, 2, 644),
	(117, 3, 648),
	(117, 4, 652),
	(117, 1, 656),
	(117, 2, 660),
	(117, 3, 664),
	(117, 4, 668),
	(117, 1, 672),
	(117, 2, 676),
	(117, 3, 680),
	(117, 4, 684),
	(117, 1, 688),
	(117, 2, 692),
	(117, 3, 696),
	(117, 4, 700),
	(117, 1, 704),
	(117, 2, 708),
	(117, 3, 712),
	(117, 4, 716),
	(117, 1, 720),
	(117, 2, 724),
	(117, 3, 728),
	(117, 4, 732),
	(117, 1, 736),
	(117, 2, 740),
	(117, 3, 744),
	(117, 4, 748),
	(117, 1, 752),
	(117, 2, 756),
	(117, 3, 760),
	(117, 4, 764),
	(117, 1, 768),
	(117, 2, 772),
	(117, 3, 776),
	(117, 4, 780),
	(117, 1, 784),
	(117, 2, 788),
	(117, 3, 792),
	(117, 4, 796),
	(117, 1, 800),
	(117, 2, 804),
	(117, 3, 808),
	(117, 4, 812),
	(117, 1, 816),
	(117, 2, 820),
	(117, 3, 824),
	(117, 4, 828),
	(117, 1, 832),
	(117, 2, 836),
	(117, 3, 840),
	(117, 4, 844),
	(117, 1, 848),
	(117, 2, 852),
	(117, 3, 856),
	(117, 4, 860),
	(117, 1, 864),
	(117, 2, 868),
	(117, 3, 872),
	(117, 4, 876),
	(117, 1, 880),
	(117, 2, 884),
	(117, 3, 888),
	(117, 4, 892),
	(117, 1, 896),
	(117, 2, 900),
	(117, 3, 904),
	(117, 4, 908),
	(117, 1, 912),
	(117, 2, 916),
	(117, 3, 920),
	(117, 4, 924),
	(117, 1, 928),
	(117, 2, 932),
	(117, 3, 936),
	(117, 4, 940),
	(117, 1, 944),
	(117, 2, 948),
	(117, 3, 952),
	(117, 4, 956),
	(117, 1, 960),
	(117, 2, 964),
	(117, 3, 968),
	(117, 4, 972),
	(117, 1, 976),
	(117, 2, 980),
	(117, 3, 984),
	(117, 4, 988),
	(117, 1, 992),
	(117, 2, 996),
	(117, 3, 1000),
	(117, 4, 1004),
	(117, 1, 1008),
	(117, 2, 1012),
	(117, 3, 1016),
	(117, 4, 1020),
	(117, 1, 1024),
	(117, 2, 1028),
	(117, 3, 1032),
	(117, 4, 1036),
	(117, 1, 1040),
	(117, 2, 1044),
	(117, 3, 1048),
	(117, 4, 1052),
	(117, 1, 1056),
	(117, 2, 1060),
	(117, 3, 1064),
	(117, 4, 1068),
	(117, 1, 1072),
	(117, 2, 1076),
	(117, 3, 1080),
	(117, 4, 1084),
	(117, 1, 1088),
	(117, 2, 1092),
	(117, 3, 1096),
	(117, 4, 1100),
	(117, 1, 1104),
	(117, 2, 1108),
	(117, 3, 1112),
	(117, 4, 1116),
	(117, 1, 1120),
	(117, 2, 1124),
	(117, 3, 1128),
	(117, 4, 1132),
	(117, 1, 1136),
	(117, 2, 1140),
	(117, 3, 1144),
	(117, 4, 1148),
	(117, 1, 1152),
	(117, 2, 1156),
	(117, 3, 1160),
	(117, 4, 1164),
	(117, 1, 1168),
	(117, 2, 1172),
	(117, 3, 1176),
	(117, 4, 1180),
	(117, 1, 1184),
	(117, 2, 1188),
	(117, 3, 1192),
	(117, 4, 1196),
	(117, 1, 1200),
	(117, 2, 1204),
	(117, 3, 1208),
	(117, 4, 1212),
	(117, 1, 1216),
	(117, 2, 1220),
	(117, 3, 1224),
	(117, 4, 1228),
	(117, 1, 1232),
	(117, 2, 1236),
	(117, 3, 1240),
	(117, 4, 1244),
	(117, 1, 1248),
	(117, 2, 1252),
	(117, 3, 1256),
	(117, 4, 1260),
	(117, 1, 1264),
	(117, 2, 1268),
	(117, 3, 1272),
	(117, 4, 1276),
	(117, 1, 1280),
	(117, 2, 1284),
	(117, 3, 1288),
	(117, 4, 1292),
	(117, 1, 1296),
	(117, 2, 1300),
	(117, 3, 1304),
	(117, 4, 1308),
	(117, 1, 1312),
	(117, 2, 1316),
	(117, 3, 1320),
	(117, 4, 1324),
	(117, 1, 1328),
	(117, 2, 1332),
	(117, 3, 1336),
	(117, 4, 1340),
	(117, 1, 1344),
	(117, 2, 1348),
	(117, 3, 1352),
	(117, 4, 1356),
	(117, 1, 1360),
	(117, 2, 1364),
	(117, 3, 1368),
	(117, 4, 1372),
	(117, 1, 1376),
	(117, 2, 1380),
	(117, 3, 1384),
	(117, 4, 1388),
	(117, 1, 1392),
	(117, 2, 1396),
	(117, 3, 1400),
	(117, 4, 1404),
	(117, 1, 1408),
	(117, 2, 1412),
	(117, 3, 1416),
	(117, 4, 1420),
	(117, 1, 1424),
	(117, 2, 1428),
	(117, 3, 1432),
	(117, 4, 1436),
	(117, 1, 1440),
	(117, 2, 1444),
	(117, 3, 1448),
	(117, 4, 1452),
	(117, 1, 1456),
	(117, 2, 1460),
	(117, 3, 1464),
	(117, 4, 1468),
	(117, 1, 1472),
	(117, 2, 1476),
	(117, 3, 1480),
	(117, 4, 1484),
	(117, 1, 1488),
	(117, 2, 1492),
	(117, 3, 1496),
	(117, 4, 1500),
	(117, 1, 1504),
	(117, 2, 1508),
	(117, 3, 1512),
	(117, 4, 1516),
	(117, 1, 1520),
	(117, 2, 1524),
	(117, 3, 1528),
	(117, 4, 1532),
	(117, 1, 1536),
	(117, 2, 1540),
	(117, 3, 1544),
	(117, 4, 1548),
	(117, 1, 1552),
	(117, 2, 1556),
	(117, 3, 1560),
	(117, 4, 1564),
	(117, 1, 1568),
	(117, 2, 1572),
	(117, 3, 1576),
	(117, 4, 1580),
	(117, 1, 1584),
	(117, 2, 1588),
	(117, 3, 1592),
	(117, 4, 1596),
	(118, 1, 0),
	(118, 2, 4),
	(118, 3, 8),
	(118, 4, 12),
	(118, 1, 16),
	(118, 2, 20),
	(118, 3, 24),
	(118, 4, 28),
	(118, 1, 32),
	(118, 2, 36),
	(118, 3, 40),
	(118, 4, 44),
	(118, 1, 48),
	(118, 2, 52),
	(118, 3, 56),
	(118, 4, 60),
	(118, 1, 64),
	(118, 2, 68),
	(118, 3, 72),
	(118, 4, 76),
	(118, 1, 80),
	(118, 2, 84),
	(118, 3, 88),
	(118, 4, 92),
	(118, 1, 96),
	(118, 2, 100),
	(118, 3, 104),
	(118, 4, 108),
	(118, 1, 112),
	(118, 2, 116),
	(118, 3, 120),
	(118, 4, 124),
	(118, 1, 128),
	(118, 2, 132),
	(118, 3, 136),
	(118, 4, 140),
	(118, 1, 144),
	(118, 2, 148),
	(118, 3, 152),
	(118, 4, 156),
	(118, 1, 160),
	(118, 2, 164),
	(118, 3, 168),
	(118, 4, 172),
	(118, 1, 176),
	(118, 2, 180),
	(118, 3, 184),
	(118, 4, 188),
	(118, 1, 192),
	(118, 2, 196),
	(118, 3, 200),
	(118, 4, 204),
	(118, 1, 208),
	(118, 2, 212),
	(118, 3, 216),
	(118, 4, 220),
	(118, 1, 224),
	(118, 2, 228),
	(118, 3, 232),
	(118, 4, 236),
	(118, 1, 240),
	(118, 2, 244),
	(118, 3, 248),
	(118, 4, 252),
	(118, 1, 256),
	(118, 2, 260),
	(118, 3, 264),
	(118, 4, 268),
	(118, 1, 272),
	(118, 2, 276),
	(118, 3, 280),
	(118, 4, 284),
	(118, 1, 288),
	(118, 2, 292),
	(118, 3, 296),
	(118, 4, 300),
	(118, 1, 304),
	(118, 2, 308),
	(118, 3, 312),
	(118, 4, 316),
	(118, 1, 320),
	(118, 2, 324),
	(118, 3, 328),
	(118, 4, 332),
	(118, 1, 336),
	(118, 2, 340),
	(118, 3, 344),
	(118, 4, 348),
	(118, 1, 352),
	(118, 2, 356),
	(118, 3, 360),
	(118, 4, 364),
	(118, 1, 368),
	(118, 2, 372),
	(118, 3, 376),
	(118, 4, 380),
	(118, 1, 384),
	(118, 2, 388),
	(118, 3, 392),
	(118, 4, 396),
	(118, 1, 400),
	(118, 2, 404),
	(118, 3, 408),
	(118, 4, 412),
	(118, 1, 416),
	(118, 2, 420),
	(118, 3, 424),
	(118, 4, 428),
	(118, 1, 432),
	(118, 2, 436),
	(118, 3, 440),
	(118, 4, 444),
	(118, 1, 448),
	(118, 2, 452),
	(118, 3, 456),
	(118, 4, 460),
	(118, 1, 464),
	(118, 2, 468),
	(118, 3, 472),
	(118, 4, 476),
	(118, 1, 480),
	(118, 2, 484),
	(118, 3, 488),
	(118, 4, 492),
	(118, 1, 496),
	(118, 2, 500),
	(118, 3, 504),
	(118, 4, 508),
	(118, 1, 512),
	(118, 2, 516),
	(118, 3, 520),
	(118, 4, 524),
	(118, 1, 528),
	(118, 2, 532),
	(118, 3, 536),
	(118, 4, 540),
	(118, 1, 544),
	(118, 2, 548),
	(118, 3, 552),
	(118, 4, 556),
	(118, 1, 560),
	(118, 2, 564),
	(118, 3, 568),
	(118, 4, 572),
	(118, 1, 576),
	(118, 2, 580),
	(118, 3, 584),
	(118, 4, 588),
	(118, 1, 592),
	(118, 2, 596),
	(118, 3, 600),
	(118, 4, 604),
	(118, 1, 608),
	(118, 2, 612),
	(118, 3, 616),
	(118, 4, 620),
	(118, 1, 624),
	(118, 2, 628),
	(118, 3, 632),
	(118, 4, 636),
	(118, 1, 640),
	(118, 2, 644),
	(118, 3, 648),
	(118, 4, 652),
	(118, 1, 656),
	(118, 2, 660),
	(118, 3, 664),
	(118, 4, 668),
	(118, 1, 672),
	(118, 2, 676),
	(118, 3, 680),
	(118, 4, 684),
	(118, 1, 688),
	(118, 2, 692),
	(118, 3, 696),
	(118, 4, 700),
	(118, 1, 704),
	(118, 2, 708),
	(118, 3, 712),
	(118, 4, 716),
	(118, 1, 720),
	(118, 2, 724),
	(118, 3, 728),
	(118, 4, 732),
	(118, 1, 736),
	(118, 2, 740),
	(118, 3, 744),
	(118, 4, 748),
	(118, 1, 752),
	(118, 2, 756),
	(118, 3, 760),
	(118, 4, 764),
	(118, 1, 768),
	(118, 2, 772),
	(118, 3, 776),
	(118, 4, 780),
	(118, 1, 784),
	(118, 2, 788),
	(118, 3, 792),
	(118, 4, 796),
	(118, 1, 800),
	(118, 2, 804),
	(118, 3, 808),
	(118, 4, 812),
	(118, 1, 816),
	(118, 2, 820),
	(118, 3, 824),
	(118, 4, 828),
	(118, 1, 832),
	(118, 2, 836),
	(118, 3, 840),
	(118, 4, 844),
	(118, 1, 848),
	(118, 2, 852),
	(118, 3, 856),
	(118, 4, 860),
	(118, 1, 864),
	(118, 2, 868),
	(118, 3, 872),
	(118, 4, 876),
	(118, 1, 880),
	(118, 2, 884),
	(118, 3, 888),
	(118, 4, 892),
	(118, 1, 896),
	(118, 2, 900),
	(118, 3, 904),
	(118, 4, 908),
	(118, 1, 912),
	(118, 2, 916),
	(118, 3, 920),
	(118, 4, 924),
	(118, 1, 928),
	(118, 2, 932),
	(118, 3, 936),
	(118, 4, 940),
	(118, 1, 944),
	(118, 2, 948),
	(118, 3, 952),
	(118, 4, 956),
	(118, 1, 960),
	(118, 2, 964),
	(118, 3, 968),
	(118, 4, 972),
	(118, 1, 976),
	(118, 2, 980),
	(118, 3, 984),
	(118, 4, 988),
	(118, 1, 992),
	(118, 2, 996),
	(118, 3, 1000),
	(118, 4, 1004),
	(118, 1, 1008),
	(118, 2, 1012),
	(118, 3, 1016),
	(118, 4, 1020),
	(118, 1, 1024),
	(118, 2, 1028),
	(118, 3, 1032),
	(118, 4, 1036),
	(118, 1, 1040),
	(118, 2, 1044),
	(118, 3, 1048),
	(118, 4, 1052),
	(118, 1, 1056),
	(118, 2, 1060),
	(118, 3, 1064),
	(118, 4, 1068),
	(118, 1, 1072),
	(118, 2, 1076),
	(118, 3, 1080),
	(118, 4, 1084),
	(118, 1, 1088),
	(118, 2, 1092),
	(118, 3, 1096),
	(118, 4, 1100),
	(118, 1, 1104),
	(118, 2, 1108),
	(118, 3, 1112),
	(118, 4, 1116),
	(118, 1, 1120),
	(118, 2, 1124),
	(118, 3, 1128),
	(118, 4, 1132),
	(118, 1, 1136),
	(118, 2, 1140),
	(118, 3, 1144),
	(118, 4, 1148),
	(118, 1, 1152),
	(118, 2, 1156),
	(118, 3, 1160),
	(118, 4, 1164),
	(118, 1, 1168),
	(118, 2, 1172),
	(118, 3, 1176),
	(118, 4, 1180),
	(118, 1, 1184),
	(118, 2, 1188),
	(118, 3, 1192),
	(118, 4, 1196),
	(118, 1, 1200),
	(118, 2, 1204),
	(118, 3, 1208),
	(118, 4, 1212),
	(118, 1, 1216),
	(118, 2, 1220),
	(118, 3, 1224),
	(118, 4, 1228),
	(118, 1, 1232),
	(118, 2, 1236),
	(118, 3, 1240),
	(118, 4, 1244),
	(118, 1, 1248),
	(118, 2, 1252),
	(118, 3, 1256),
	(118, 4, 1260),
	(118, 1, 1264),
	(118, 2, 1268),
	(118, 3, 1272),
	(118, 4, 1276),
	(118, 1, 1280),
	(118, 2, 1284),
	(118, 3, 1288),
	(118, 4, 1292),
	(118, 1, 1296),
	(118, 2, 1300),
	(118, 3, 1304),
	(118, 4, 1308),
	(118, 1, 1312),
	(118, 2, 1316),
	(118, 3, 1320),
	(118, 4, 1324),
	(118, 1, 1328),
	(118, 2, 1332),
	(118, 3, 1336),
	(118, 4, 1340),
	(118, 1, 1344),
	(118, 2, 1348),
	(118, 3, 1352),
	(118, 4, 1356),
	(118, 1, 1360),
	(118, 2, 1364),
	(118, 3, 1368),
	(118, 4, 1372),
	(118, 1, 1376),
	(118, 2, 1380),
	(118, 3, 1384),
	(118, 4, 1388),
	(118, 1, 1392),
	(118, 2, 1396),
	(118, 3, 1400),
	(118, 4, 1404),
	(118, 1, 1408),
	(118, 2, 1412),
	(118, 3, 1416),
	(118, 4, 1420),
	(118, 1, 1424),
	(118, 2, 1428),
	(118, 3, 1432),
	(118, 4, 1436),
	(118, 1, 1440),
	(118, 2, 1444),
	(118, 3, 1448),
	(118, 4, 1452),
	(118, 1, 1456),
	(118, 2, 1460),
	(118, 3, 1464),
	(118, 4, 1468),
	(118, 1, 1472),
	(118, 2, 1476),
	(118, 3, 1480),
	(118, 4, 1484),
	(118, 1, 1488),
	(118, 2, 1492),
	(118, 3, 1496),
	(118, 4, 1500),
	(118, 1, 1504),
	(118, 2, 1508),
	(118, 3, 1512),
	(118, 4, 1516),
	(118, 1, 1520),
	(118, 2, 1524),
	(118, 3, 1528),
	(118, 4, 1532),
	(118, 1, 1536),
	(118, 2, 1540),
	(118, 3, 1544),
	(118, 4, 1548),
	(118, 1, 1552),
	(118, 2, 1556),
	(118, 3, 1560),
	(118, 4, 1564),
	(118, 1, 1568),
	(118, 2, 1572),
	(118, 3, 1576),
	(118, 4, 1580),
	(118, 1, 1584),
	(118, 2, 1588),
	(118, 3, 1592),
	(118, 4, 1596),
	(119, 1, 0),
	(119, 2, 4),
	(119, 3, 8),
	(119, 4, 12),
	(119, 1, 16),
	(119, 2, 20),
	(119, 3, 24),
	(119, 4, 28),
	(119, 1, 32),
	(119, 2, 36),
	(119, 3, 40),
	(119, 4, 44),
	(119, 1, 48),
	(119, 2, 52),
	(119, 3, 56),
	(119, 4, 60),
	(119, 1, 64),
	(119, 2, 68),
	(119, 3, 72),
	(119, 4, 76),
	(119, 1, 80),
	(119, 2, 84),
	(119, 3, 88),
	(119, 4, 92),
	(119, 1, 96),
	(119, 2, 100),
	(119, 3, 104),
	(119, 4, 108),
	(119, 1, 112),
	(119, 2, 116),
	(119, 3, 120),
	(119, 4, 124),
	(119, 1, 128),
	(119, 2, 132),
	(119, 3, 136),
	(119, 4, 140),
	(119, 1, 144),
	(119, 2, 148),
	(119, 3, 152),
	(119, 4, 156),
	(119, 1, 160),
	(119, 2, 164),
	(119, 3, 168),
	(119, 4, 172),
	(119, 1, 176),
	(119, 2, 180),
	(119, 3, 184),
	(119, 4, 188),
	(119, 1, 192),
	(119, 2, 196),
	(119, 3, 200),
	(119, 4, 204),
	(119, 1, 208),
	(119, 2, 212),
	(119, 3, 216),
	(119, 4, 220),
	(119, 1, 224),
	(119, 2, 228),
	(119, 3, 232),
	(119, 4, 236),
	(119, 1, 240),
	(119, 2, 244),
	(119, 3, 248),
	(119, 4, 252),
	(119, 1, 256),
	(119, 2, 260),
	(119, 3, 264),
	(119, 4, 268),
	(119, 1, 272),
	(119, 2, 276),
	(119, 3, 280),
	(119, 4, 284),
	(119, 1, 288),
	(119, 2, 292),
	(119, 3, 296),
	(119, 4, 300),
	(119, 1, 304),
	(119, 2, 308),
	(119, 3, 312),
	(119, 4, 316),
	(119, 1, 320),
	(119, 2, 324),
	(119, 3, 328),
	(119, 4, 332),
	(119, 1, 336),
	(119, 2, 340),
	(119, 3, 344),
	(119, 4, 348),
	(119, 1, 352),
	(119, 2, 356),
	(119, 3, 360),
	(119, 4, 364),
	(119, 1, 368),
	(119, 2, 372),
	(119, 3, 376),
	(119, 4, 380),
	(119, 1, 384),
	(119, 2, 388),
	(119, 3, 392),
	(119, 4, 396),
	(119, 1, 400),
	(119, 2, 404),
	(119, 3, 408),
	(119, 4, 412),
	(119, 1, 416),
	(119, 2, 420),
	(119, 3, 424),
	(119, 4, 428),
	(119, 1, 432),
	(119, 2, 436),
	(119, 3, 440),
	(119, 4, 444),
	(119, 1, 448),
	(119, 2, 452),
	(119, 3, 456),
	(119, 4, 460),
	(119, 1, 464),
	(119, 2, 468),
	(119, 3, 472),
	(119, 4, 476),
	(119, 1, 480),
	(119, 2, 484),
	(119, 3, 488),
	(119, 4, 492),
	(119, 1, 496),
	(119, 2, 500),
	(119, 3, 504),
	(119, 4, 508),
	(119, 1, 512),
	(119, 2, 516),
	(119, 3, 520),
	(119, 4, 524),
	(119, 1, 528),
	(119, 2, 532),
	(119, 3, 536),
	(119, 4, 540),
	(119, 1, 544),
	(119, 2, 548),
	(119, 3, 552),
	(119, 4, 556),
	(119, 1, 560),
	(119, 2, 564),
	(119, 3, 568),
	(119, 4, 572),
	(119, 1, 576),
	(119, 2, 580),
	(119, 3, 584),
	(119, 4, 588),
	(119, 1, 592),
	(119, 2, 596),
	(119, 3, 600),
	(119, 4, 604),
	(119, 1, 608),
	(119, 2, 612),
	(119, 3, 616),
	(119, 4, 620),
	(119, 1, 624),
	(119, 2, 628),
	(119, 3, 632),
	(119, 4, 636),
	(119, 1, 640),
	(119, 2, 644),
	(119, 3, 648),
	(119, 4, 652),
	(119, 1, 656),
	(119, 2, 660),
	(119, 3, 664),
	(119, 4, 668),
	(119, 1, 672),
	(119, 2, 676),
	(119, 3, 680),
	(119, 4, 684),
	(119, 1, 688),
	(119, 2, 692),
	(119, 3, 696),
	(119, 4, 700),
	(119, 1, 704),
	(119, 2, 708),
	(119, 3, 712),
	(119, 4, 716),
	(119, 1, 720),
	(119, 2, 724),
	(119, 3, 728),
	(119, 4, 732),
	(119, 1, 736),
	(119, 2, 740),
	(119, 3, 744),
	(119, 4, 748),
	(119, 1, 752),
	(119, 2, 756),
	(119, 3, 760),
	(119, 4, 764),
	(119, 1, 768),
	(119, 2, 772),
	(119, 3, 776),
	(119, 4, 780),
	(119, 1, 784),
	(119, 2, 788),
	(119, 3, 792),
	(119, 4, 796),
	(119, 1, 800),
	(119, 2, 804),
	(119, 3, 808),
	(119, 4, 812),
	(119, 1, 816),
	(119, 2, 820),
	(119, 3, 824),
	(119, 4, 828),
	(119, 1, 832),
	(119, 2, 836),
	(119, 3, 840),
	(119, 4, 844),
	(119, 1, 848),
	(119, 2, 852),
	(119, 3, 856),
	(119, 4, 860),
	(119, 1, 864),
	(119, 2, 868),
	(119, 3, 872),
	(119, 4, 876),
	(119, 1, 880),
	(119, 2, 884),
	(119, 3, 888),
	(119, 4, 892),
	(119, 1, 896),
	(119, 2, 900),
	(119, 3, 904),
	(119, 4, 908),
	(119, 1, 912),
	(119, 2, 916),
	(119, 3, 920),
	(119, 4, 924),
	(119, 1, 928),
	(119, 2, 932),
	(119, 3, 936),
	(119, 4, 940),
	(119, 1, 944),
	(119, 2, 948),
	(119, 3, 952),
	(119, 4, 956),
	(119, 1, 960),
	(119, 2, 964),
	(119, 3, 968),
	(119, 4, 972),
	(119, 1, 976),
	(119, 2, 980),
	(119, 3, 984),
	(119, 4, 988),
	(119, 1, 992),
	(119, 2, 996),
	(119, 3, 1000),
	(119, 4, 1004),
	(119, 1, 1008),
	(119, 2, 1012),
	(119, 3, 1016),
	(119, 4, 1020),
	(119, 1, 1024),
	(119, 2, 1028),
	(119, 3, 1032),
	(119, 4, 1036),
	(119, 1, 1040),
	(119, 2, 1044),
	(119, 3, 1048),
	(119, 4, 1052),
	(119, 1, 1056),
	(119, 2, 1060),
	(119, 3, 1064),
	(119, 4, 1068),
	(119, 1, 1072),
	(119, 2, 1076),
	(119, 3, 1080),
	(119, 4, 1084),
	(119, 1, 1088),
	(119, 2, 1092),
	(119, 3, 1096),
	(119, 4, 1100),
	(119, 1, 1104),
	(119, 2, 1108),
	(119, 3, 1112),
	(119, 4, 1116),
	(119, 1, 1120),
	(119, 2, 1124),
	(119, 3, 1128),
	(119, 4, 1132),
	(119, 1, 1136),
	(119, 2, 1140),
	(119, 3, 1144),
	(119, 4, 1148),
	(119, 1, 1152),
	(119, 2, 1156),
	(119, 3, 1160),
	(119, 4, 1164),
	(119, 1, 1168),
	(119, 2, 1172),
	(119, 3, 1176),
	(119, 4, 1180),
	(119, 1, 1184),
	(119, 2, 1188),
	(119, 3, 1192),
	(119, 4, 1196),
	(119, 1, 1200),
	(119, 2, 1204),
	(119, 3, 1208),
	(119, 4, 1212),
	(119, 1, 1216),
	(119, 2, 1220),
	(119, 3, 1224),
	(119, 4, 1228),
	(119, 1, 1232),
	(119, 2, 1236),
	(119, 3, 1240),
	(119, 4, 1244),
	(119, 1, 1248),
	(119, 2, 1252),
	(119, 3, 1256),
	(119, 4, 1260),
	(119, 1, 1264),
	(119, 2, 1268),
	(119, 3, 1272),
	(119, 4, 1276),
	(119, 1, 1280),
	(119, 2, 1284),
	(119, 3, 1288),
	(119, 4, 1292),
	(119, 1, 1296),
	(119, 2, 1300),
	(119, 3, 1304),
	(119, 4, 1308),
	(119, 1, 1312),
	(119, 2, 1316),
	(119, 3, 1320),
	(119, 4, 1324),
	(119, 1, 1328),
	(119, 2, 1332),
	(119, 3, 1336),
	(119, 4, 1340),
	(119, 1, 1344),
	(119, 2, 1348),
	(119, 3, 1352),
	(119, 4, 1356),
	(119, 1, 1360),
	(119, 2, 1364),
	(119, 3, 1368),
	(119, 4, 1372),
	(119, 1, 1376),
	(119, 2, 1380),
	(119, 3, 1384),
	(119, 4, 1388),
	(119, 1, 1392),
	(119, 2, 1396),
	(119, 3, 1400),
	(119, 4, 1404),
	(119, 1, 1408),
	(119, 2, 1412),
	(119, 3, 1416),
	(119, 4, 1420),
	(119, 1, 1424),
	(119, 2, 1428),
	(119, 3, 1432),
	(119, 4, 1436),
	(119, 1, 1440),
	(119, 2, 1444),
	(119, 3, 1448),
	(119, 4, 1452),
	(119, 1, 1456),
	(119, 2, 1460),
	(119, 3, 1464),
	(119, 4, 1468),
	(119, 1, 1472),
	(119, 2, 1476),
	(119, 3, 1480),
	(119, 4, 1484),
	(119, 1, 1488),
	(119, 2, 1492),
	(119, 3, 1496),
	(119, 4, 1500),
	(119, 1, 1504),
	(119, 2, 1508),
	(119, 3, 1512),
	(119, 4, 1516),
	(119, 1, 1520),
	(119, 2, 1524),
	(119, 3, 1528),
	(119, 4, 1532),
	(119, 1, 1536),
	(119, 2, 1540),
	(119, 3, 1544),
	(119, 4, 1548),
	(119, 1, 1552),
	(119, 2, 1556),
	(119, 3, 1560),
	(119, 4, 1564),
	(119, 1, 1568),
	(119, 2, 1572),
	(119, 3, 1576),
	(119, 4, 1580),
	(119, 1, 1584),
	(119, 2, 1588),
	(119, 3, 1592),
	(119, 4, 1596),
	(120, 1, 0),
	(120, 2, 4),
	(120, 3, 8),
	(120, 4, 12),
	(120, 1, 16),
	(120, 2, 20),
	(120, 3, 24),
	(120, 4, 28),
	(120, 1, 32),
	(120, 2, 36),
	(120, 3, 40),
	(120, 4, 44),
	(120, 1, 48),
	(120, 2, 52),
	(120, 3, 56),
	(120, 4, 60),
	(120, 1, 64),
	(120, 2, 68),
	(120, 3, 72),
	(120, 4, 76),
	(120, 1, 80),
	(120, 2, 84),
	(120, 3, 88),
	(120, 4, 92),
	(120, 1, 96),
	(120, 2, 100),
	(120, 3, 104),
	(120, 4, 108),
	(120, 1, 112),
	(120, 2, 116),
	(120, 3, 120),
	(120, 4, 124),
	(120, 1, 128),
	(120, 2, 132),
	(120, 3, 136),
	(120, 4, 140),
	(120, 1, 144),
	(120, 2, 148),
	(120, 3, 152),
	(120, 4, 156),
	(120, 1, 160),
	(120, 2, 164),
	(120, 3, 168),
	(120, 4, 172),
	(120, 1, 176),
	(120, 2, 180),
	(120, 3, 184),
	(120, 4, 188),
	(120, 1, 192),
	(120, 2, 196),
	(120, 3, 200),
	(120, 4, 204),
	(120, 1, 208),
	(120, 2, 212),
	(120, 3, 216),
	(120, 4, 220),
	(120, 1, 224),
	(120, 2, 228),
	(120, 3, 232),
	(120, 4, 236),
	(120, 1, 240),
	(120, 2, 244),
	(120, 3, 248),
	(120, 4, 252),
	(120, 1, 256),
	(120, 2, 260),
	(120, 3, 264),
	(120, 4, 268),
	(120, 1, 272),
	(120, 2, 276),
	(120, 3, 280),
	(120, 4, 284),
	(120, 1, 288),
	(120, 2, 292),
	(120, 3, 296),
	(120, 4, 300),
	(120, 1, 304),
	(120, 2, 308),
	(120, 3, 312),
	(120, 4, 316),
	(120, 1, 320),
	(120, 2, 324),
	(120, 3, 328),
	(120, 4, 332),
	(120, 1, 336),
	(120, 2, 340),
	(120, 3, 344),
	(120, 4, 348),
	(120, 1, 352),
	(120, 2, 356),
	(120, 3, 360),
	(120, 4, 364),
	(120, 1, 368),
	(120, 2, 372),
	(120, 3, 376),
	(120, 4, 380),
	(120, 1, 384),
	(120, 2, 388),
	(120, 3, 392),
	(120, 4, 396),
	(120, 1, 400),
	(120, 2, 404),
	(120, 3, 408),
	(120, 4, 412),
	(120, 1, 416),
	(120, 2, 420),
	(120, 3, 424),
	(120, 4, 428),
	(120, 1, 432),
	(120, 2, 436),
	(120, 3, 440),
	(120, 4, 444),
	(120, 1, 448),
	(120, 2, 452),
	(120, 3, 456),
	(120, 4, 460),
	(120, 1, 464),
	(120, 2, 468),
	(120, 3, 472),
	(120, 4, 476),
	(120, 1, 480),
	(120, 2, 484),
	(120, 3, 488),
	(120, 4, 492),
	(120, 1, 496),
	(120, 2, 500),
	(120, 3, 504),
	(120, 4, 508),
	(120, 1, 512),
	(120, 2, 516),
	(120, 3, 520),
	(120, 4, 524),
	(120, 1, 528),
	(120, 2, 532),
	(120, 3, 536),
	(120, 4, 540),
	(120, 1, 544),
	(120, 2, 548),
	(120, 3, 552),
	(120, 4, 556),
	(120, 1, 560),
	(120, 2, 564),
	(120, 3, 568),
	(120, 4, 572),
	(120, 1, 576),
	(120, 2, 580),
	(120, 3, 584),
	(120, 4, 588),
	(120, 1, 592),
	(120, 2, 596),
	(120, 3, 600),
	(120, 4, 604),
	(120, 1, 608),
	(120, 2, 612),
	(120, 3, 616),
	(120, 4, 620),
	(120, 1, 624),
	(120, 2, 628),
	(120, 3, 632),
	(120, 4, 636),
	(120, 1, 640),
	(120, 2, 644),
	(120, 3, 648),
	(120, 4, 652),
	(120, 1, 656),
	(120, 2, 660),
	(120, 3, 664),
	(120, 4, 668),
	(120, 1, 672),
	(120, 2, 676),
	(120, 3, 680),
	(120, 4, 684),
	(120, 1, 688),
	(120, 2, 692),
	(120, 3, 696),
	(120, 4, 700),
	(120, 1, 704),
	(120, 2, 708),
	(120, 3, 712),
	(120, 4, 716),
	(120, 1, 720),
	(120, 2, 724),
	(120, 3, 728),
	(120, 4, 732),
	(120, 1, 736),
	(120, 2, 740),
	(120, 3, 744),
	(120, 4, 748),
	(120, 1, 752),
	(120, 2, 756),
	(120, 3, 760),
	(120, 4, 764),
	(120, 1, 768),
	(120, 2, 772),
	(120, 3, 776),
	(120, 4, 780),
	(120, 1, 784),
	(120, 2, 788),
	(120, 3, 792),
	(120, 4, 796),
	(120, 1, 800),
	(120, 2, 804),
	(120, 3, 808),
	(120, 4, 812),
	(120, 1, 816),
	(120, 2, 820),
	(120, 3, 824),
	(120, 4, 828),
	(120, 1, 832),
	(120, 2, 836),
	(120, 3, 840),
	(120, 4, 844),
	(120, 1, 848),
	(120, 2, 852),
	(120, 3, 856),
	(120, 4, 860),
	(120, 1, 864),
	(120, 2, 868),
	(120, 3, 872),
	(120, 4, 876),
	(120, 1, 880),
	(120, 2, 884),
	(120, 3, 888),
	(120, 4, 892),
	(120, 1, 896),
	(120, 2, 900),
	(120, 3, 904),
	(120, 4, 908),
	(120, 1, 912),
	(120, 2, 916),
	(120, 3, 920),
	(120, 4, 924),
	(120, 1, 928),
	(120, 2, 932),
	(120, 3, 936),
	(120, 4, 940),
	(120, 1, 944),
	(120, 2, 948),
	(120, 3, 952),
	(120, 4, 956),
	(120, 1, 960),
	(120, 2, 964),
	(120, 3, 968),
	(120, 4, 972),
	(120, 1, 976),
	(120, 2, 980),
	(120, 3, 984),
	(120, 4, 988),
	(120, 1, 992),
	(120, 2, 996),
	(120, 3, 1000),
	(120, 4, 1004),
	(120, 1, 1008),
	(120, 2, 1012),
	(120, 3, 1016),
	(120, 4, 1020),
	(120, 1, 1024),
	(120, 2, 1028),
	(120, 3, 1032),
	(120, 4, 1036),
	(120, 1, 1040),
	(120, 2, 1044),
	(120, 3, 1048),
	(120, 4, 1052),
	(120, 1, 1056),
	(120, 2, 1060),
	(120, 3, 1064),
	(120, 4, 1068),
	(120, 1, 1072),
	(120, 2, 1076),
	(120, 3, 1080),
	(120, 4, 1084),
	(120, 1, 1088),
	(120, 2, 1092),
	(120, 3, 1096),
	(120, 4, 1100),
	(120, 1, 1104),
	(120, 2, 1108),
	(120, 3, 1112),
	(120, 4, 1116),
	(120, 1, 1120),
	(120, 2, 1124),
	(120, 3, 1128),
	(120, 4, 1132),
	(120, 1, 1136),
	(120, 2, 1140),
	(120, 3, 1144),
	(120, 4, 1148),
	(120, 1, 1152),
	(120, 2, 1156),
	(120, 3, 1160),
	(120, 4, 1164),
	(120, 1, 1168),
	(120, 2, 1172),
	(120, 3, 1176),
	(120, 4, 1180),
	(120, 1, 1184),
	(120, 2, 1188),
	(120, 3, 1192),
	(120, 4, 1196),
	(120, 1, 1200),
	(120, 2, 1204),
	(120, 3, 1208),
	(120, 4, 1212),
	(120, 1, 1216),
	(120, 2, 1220),
	(120, 3, 1224),
	(120, 4, 1228),
	(120, 1, 1232),
	(120, 2, 1236),
	(120, 3, 1240),
	(120, 4, 1244),
	(120, 1, 1248),
	(120, 2, 1252),
	(120, 3, 1256),
	(120, 4, 1260),
	(120, 1, 1264),
	(120, 2, 1268),
	(120, 3, 1272),
	(120, 4, 1276),
	(120, 1, 1280),
	(120, 2, 1284),
	(120, 3, 1288),
	(120, 4, 1292),
	(120, 1, 1296),
	(120, 2, 1300),
	(120, 3, 1304),
	(120, 4, 1308),
	(120, 1, 1312),
	(120, 2, 1316),
	(120, 3, 1320),
	(120, 4, 1324),
	(120, 1, 1328),
	(120, 2, 1332),
	(120, 3, 1336),
	(120, 4, 1340),
	(120, 1, 1344),
	(120, 2, 1348),
	(120, 3, 1352),
	(120, 4, 1356),
	(120, 1, 1360),
	(120, 2, 1364),
	(120, 3, 1368),
	(120, 4, 1372),
	(120, 1, 1376),
	(120, 2, 1380),
	(120, 3, 1384),
	(120, 4, 1388),
	(120, 1, 1392),
	(120, 2, 1396),
	(120, 3, 1400),
	(120, 4, 1404),
	(120, 1, 1408),
	(120, 2, 1412),
	(120, 3, 1416),
	(120, 4, 1420),
	(120, 1, 1424),
	(120, 2, 1428),
	(120, 3, 1432),
	(120, 4, 1436),
	(120, 1, 1440),
	(120, 2, 1444),
	(120, 3, 1448),
	(120, 4, 1452),
	(120, 1, 1456),
	(120, 2, 1460),
	(120, 3, 1464),
	(120, 4, 1468),
	(120, 1, 1472),
	(120, 2, 1476),
	(120, 3, 1480),
	(120, 4, 1484),
	(120, 1, 1488),
	(120, 2, 1492),
	(120, 3, 1496),
	(120, 4, 1500),
	(120, 1, 1504),
	(120, 2, 1508),
	(120, 3, 1512),
	(120, 4, 1516),
	(120, 1, 1520),
	(120, 2, 1524),
	(120, 3, 1528),
	(120, 4, 1532),
	(120, 1, 1536),
	(120, 2, 1540),
	(120, 3, 1544),
	(120, 4, 1548),
	(120, 1, 1552),
	(120, 2, 1556),
	(120, 3, 1560),
	(120, 4, 1564),
	(120, 1, 1568),
	(120, 2, 1572),
	(120, 3, 1576),
	(120, 4, 1580),
	(120, 1, 1584),
	(120, 2, 1588),
	(120, 3, 1592),
	(120, 4, 1596),
	(121, 1, 0),
	(121, 2, 4),
	(121, 3, 8),
	(121, 4, 12),
	(121, 1, 16),
	(121, 2, 20),
	(121, 3, 24),
	(121, 4, 28),
	(121, 1, 32),
	(121, 2, 36),
	(121, 3, 40),
	(121, 4, 44),
	(121, 1, 48),
	(121, 2, 52),
	(121, 3, 56),
	(121, 4, 60),
	(121, 1, 64),
	(121, 2, 68),
	(121, 3, 72),
	(121, 4, 76),
	(121, 1, 80),
	(121, 2, 84),
	(121, 3, 88),
	(121, 4, 92),
	(121, 1, 96),
	(121, 2, 100),
	(121, 3, 104),
	(121, 4, 108),
	(121, 1, 112),
	(121, 2, 116),
	(121, 3, 120),
	(121, 4, 124),
	(121, 1, 128),
	(121, 2, 132),
	(121, 3, 136),
	(121, 4, 140),
	(121, 1, 144),
	(121, 2, 148),
	(121, 3, 152),
	(121, 4, 156),
	(121, 1, 160),
	(121, 2, 164),
	(121, 3, 168),
	(121, 4, 172),
	(121, 1, 176),
	(121, 2, 180),
	(121, 3, 184),
	(121, 4, 188),
	(121, 1, 192),
	(121, 2, 196),
	(121, 3, 200),
	(121, 4, 204),
	(121, 1, 208),
	(121, 2, 212),
	(121, 3, 216),
	(121, 4, 220),
	(121, 1, 224),
	(121, 2, 228),
	(121, 3, 232),
	(121, 4, 236),
	(121, 1, 240),
	(121, 2, 244),
	(121, 3, 248),
	(121, 4, 252),
	(121, 1, 256),
	(121, 2, 260),
	(121, 3, 264),
	(121, 4, 268),
	(121, 1, 272),
	(121, 2, 276),
	(121, 3, 280),
	(121, 4, 284),
	(121, 1, 288),
	(121, 2, 292),
	(121, 3, 296),
	(121, 4, 300),
	(121, 1, 304),
	(121, 2, 308),
	(121, 3, 312),
	(121, 4, 316),
	(121, 1, 320),
	(121, 2, 324),
	(121, 3, 328),
	(121, 4, 332),
	(121, 1, 336),
	(121, 2, 340),
	(121, 3, 344),
	(121, 4, 348),
	(121, 1, 352),
	(121, 2, 356),
	(121, 3, 360),
	(121, 4, 364),
	(121, 1, 368),
	(121, 2, 372),
	(121, 3, 376),
	(121, 4, 380),
	(121, 1, 384),
	(121, 2, 388),
	(121, 3, 392),
	(121, 4, 396),
	(121, 1, 400),
	(121, 2, 404),
	(121, 3, 408),
	(121, 4, 412),
	(121, 1, 416),
	(121, 2, 420),
	(121, 3, 424),
	(121, 4, 428),
	(121, 1, 432),
	(121, 2, 436),
	(121, 3, 440),
	(121, 4, 444),
	(121, 1, 448),
	(121, 2, 452),
	(121, 3, 456),
	(121, 4, 460),
	(121, 1, 464),
	(121, 2, 468),
	(121, 3, 472),
	(121, 4, 476),
	(121, 1, 480),
	(121, 2, 484),
	(121, 3, 488),
	(121, 4, 492),
	(121, 1, 496),
	(121, 2, 500),
	(121, 3, 504),
	(121, 4, 508),
	(121, 1, 512),
	(121, 2, 516),
	(121, 3, 520),
	(121, 4, 524),
	(121, 1, 528),
	(121, 2, 532),
	(121, 3, 536),
	(121, 4, 540),
	(121, 1, 544),
	(121, 2, 548),
	(121, 3, 552),
	(121, 4, 556),
	(121, 1, 560),
	(121, 2, 564),
	(121, 3, 568),
	(121, 4, 572),
	(121, 1, 576),
	(121, 2, 580),
	(121, 3, 584),
	(121, 4, 588),
	(121, 1, 592),
	(121, 2, 596),
	(121, 3, 600),
	(121, 4, 604),
	(121, 1, 608),
	(121, 2, 612),
	(121, 3, 616),
	(121, 4, 620),
	(121, 1, 624),
	(121, 2, 628),
	(121, 3, 632),
	(121, 4, 636),
	(121, 1, 640),
	(121, 2, 644),
	(121, 3, 648),
	(121, 4, 652),
	(121, 1, 656),
	(121, 2, 660),
	(121, 3, 664),
	(121, 4, 668),
	(121, 1, 672),
	(121, 2, 676),
	(121, 3, 680),
	(121, 4, 684),
	(121, 1, 688),
	(121, 2, 692),
	(121, 3, 696),
	(121, 4, 700),
	(121, 1, 704),
	(121, 2, 708),
	(121, 3, 712),
	(121, 4, 716),
	(121, 1, 720),
	(121, 2, 724),
	(121, 3, 728),
	(121, 4, 732),
	(121, 1, 736),
	(121, 2, 740),
	(121, 3, 744),
	(121, 4, 748),
	(121, 1, 752),
	(121, 2, 756),
	(121, 3, 760),
	(121, 4, 764),
	(121, 1, 768),
	(121, 2, 772),
	(121, 3, 776),
	(121, 4, 780),
	(121, 1, 784),
	(121, 2, 788),
	(121, 3, 792),
	(121, 4, 796),
	(121, 1, 800),
	(121, 2, 804),
	(121, 3, 808),
	(121, 4, 812),
	(121, 1, 816),
	(121, 2, 820),
	(121, 3, 824),
	(121, 4, 828),
	(121, 1, 832),
	(121, 2, 836),
	(121, 3, 840),
	(121, 4, 844),
	(121, 1, 848),
	(121, 2, 852),
	(121, 3, 856),
	(121, 4, 860),
	(121, 1, 864),
	(121, 2, 868),
	(121, 3, 872),
	(121, 4, 876),
	(121, 1, 880),
	(121, 2, 884),
	(121, 3, 888),
	(121, 4, 892),
	(121, 1, 896),
	(121, 2, 900),
	(121, 3, 904),
	(121, 4, 908),
	(121, 1, 912),
	(121, 2, 916),
	(121, 3, 920),
	(121, 4, 924),
	(121, 1, 928),
	(121, 2, 932),
	(121, 3, 936),
	(121, 4, 940),
	(121, 1, 944),
	(121, 2, 948),
	(121, 3, 952),
	(121, 4, 956),
	(121, 1, 960),
	(121, 2, 964),
	(121, 3, 968),
	(121, 4, 972),
	(121, 1, 976),
	(121, 2, 980),
	(121, 3, 984),
	(121, 4, 988),
	(121, 1, 992),
	(121, 2, 996),
	(121, 3, 1000),
	(121, 4, 1004),
	(121, 1, 1008),
	(121, 2, 1012),
	(121, 3, 1016),
	(121, 4, 1020),
	(121, 1, 1024),
	(121, 2, 1028),
	(121, 3, 1032),
	(121, 4, 1036),
	(121, 1, 1040),
	(121, 2, 1044),
	(121, 3, 1048),
	(121, 4, 1052),
	(121, 1, 1056),
	(121, 2, 1060),
	(121, 3, 1064),
	(121, 4, 1068),
	(121, 1, 1072),
	(121, 2, 1076),
	(121, 3, 1080),
	(121, 4, 1084),
	(121, 1, 1088),
	(121, 2, 1092),
	(121, 3, 1096),
	(121, 4, 1100),
	(121, 1, 1104),
	(121, 2, 1108),
	(121, 3, 1112),
	(121, 4, 1116),
	(121, 1, 1120),
	(121, 2, 1124),
	(121, 3, 1128),
	(121, 4, 1132),
	(121, 1, 1136),
	(121, 2, 1140),
	(121, 3, 1144),
	(121, 4, 1148),
	(121, 1, 1152),
	(121, 2, 1156),
	(121, 3, 1160),
	(121, 4, 1164),
	(121, 1, 1168),
	(121, 2, 1172),
	(121, 3, 1176),
	(121, 4, 1180),
	(121, 1, 1184),
	(121, 2, 1188),
	(121, 3, 1192),
	(121, 4, 1196),
	(121, 1, 1200),
	(121, 2, 1204),
	(121, 3, 1208),
	(121, 4, 1212),
	(121, 1, 1216),
	(121, 2, 1220),
	(121, 3, 1224),
	(121, 4, 1228),
	(121, 1, 1232),
	(121, 2, 1236),
	(121, 3, 1240),
	(121, 4, 1244),
	(121, 1, 1248),
	(121, 2, 1252),
	(121, 3, 1256),
	(121, 4, 1260),
	(121, 1, 1264),
	(121, 2, 1268),
	(121, 3, 1272),
	(121, 4, 1276),
	(121, 1, 1280),
	(121, 2, 1284),
	(121, 3, 1288),
	(121, 4, 1292),
	(121, 1, 1296),
	(121, 2, 1300),
	(121, 3, 1304),
	(121, 4, 1308),
	(121, 1, 1312),
	(121, 2, 1316),
	(121, 3, 1320),
	(121, 4, 1324),
	(121, 1, 1328),
	(121, 2, 1332),
	(121, 3, 1336),
	(121, 4, 1340),
	(121, 1, 1344),
	(121, 2, 1348),
	(121, 3, 1352),
	(121, 4, 1356),
	(121, 1, 1360),
	(121, 2, 1364),
	(121, 3, 1368),
	(121, 4, 1372),
	(121, 1, 1376),
	(121, 2, 1380),
	(121, 3, 1384),
	(121, 4, 1388),
	(121, 1, 1392),
	(121, 2, 1396),
	(121, 3, 1400),
	(121, 4, 1404),
	(121, 1, 1408),
	(121, 2, 1412),
	(121, 3, 1416),
	(121, 4, 1420),
	(121, 1, 1424),
	(121, 2, 1428),
	(121, 3, 1432),
	(121, 4, 1436),
	(121, 1, 1440),
	(121, 2, 1444),
	(121, 3, 1448),
	(121, 4, 1452),
	(121, 1, 1456),
	(121, 2, 1460),
	(121, 3, 1464),
	(121, 4, 1468),
	(121, 1, 1472),
	(121, 2, 1476),
	(121, 3, 1480),
	(121, 4, 1484),
	(121, 1, 1488),
	(121, 2, 1492),
	(121, 3, 1496),
	(121, 4, 1500),
	(121, 1, 1504),
	(121, 2, 1508),
	(121, 3, 1512),
	(121, 4, 1516),
	(121, 1, 1520),
	(121, 2, 1524),
	(121, 3, 1528),
	(121, 4, 1532),
	(121, 1, 1536),
	(121, 2, 1540),
	(121, 3, 1544),
	(121, 4, 1548),
	(121, 1, 1552),
	(121, 2, 1556),
	(121, 3, 1560),
	(121, 4, 1564),
	(121, 1, 1568),
	(121, 2, 1572),
	(121, 3, 1576),
	(121, 4, 1580),
	(121, 1, 1584),
	(121, 2, 1588),
	(121, 3, 1592),
	(121, 4, 1596),
	(122, 1, 0),
	(122, 2, 4),
	(122, 3, 8),
	(122, 4, 12),
	(122, 1, 16),
	(122, 2, 20),
	(122, 3, 24),
	(122, 4, 28),
	(122, 1, 32),
	(122, 2, 36),
	(122, 3, 40),
	(122, 4, 44),
	(122, 1, 48),
	(122, 2, 52),
	(122, 3, 56),
	(122, 4, 60),
	(122, 1, 64),
	(122, 2, 68),
	(122, 3, 72),
	(122, 4, 76),
	(122, 1, 80),
	(122, 2, 84),
	(122, 3, 88),
	(122, 4, 92),
	(122, 1, 96),
	(122, 2, 100),
	(122, 3, 104),
	(122, 4, 108),
	(122, 1, 112),
	(122, 2, 116),
	(122, 3, 120),
	(122, 4, 124),
	(122, 1, 128),
	(122, 2, 132),
	(122, 3, 136),
	(122, 4, 140),
	(122, 1, 144),
	(122, 2, 148),
	(122, 3, 152),
	(122, 4, 156),
	(122, 1, 160),
	(122, 2, 164),
	(122, 3, 168),
	(122, 4, 172),
	(122, 1, 176),
	(122, 2, 180),
	(122, 3, 184),
	(122, 4, 188),
	(122, 1, 192),
	(122, 2, 196),
	(122, 3, 200),
	(122, 4, 204),
	(122, 1, 208),
	(122, 2, 212),
	(122, 3, 216),
	(122, 4, 220),
	(122, 1, 224),
	(122, 2, 228),
	(122, 3, 232),
	(122, 4, 236),
	(122, 1, 240),
	(122, 2, 244),
	(122, 3, 248),
	(122, 4, 252),
	(122, 1, 256),
	(122, 2, 260),
	(122, 3, 264),
	(122, 4, 268),
	(122, 1, 272),
	(122, 2, 276),
	(122, 3, 280),
	(122, 4, 284),
	(122, 1, 288),
	(122, 2, 292),
	(122, 3, 296),
	(122, 4, 300),
	(122, 1, 304),
	(122, 2, 308),
	(122, 3, 312),
	(122, 4, 316),
	(122, 1, 320),
	(122, 2, 324),
	(122, 3, 328),
	(122, 4, 332),
	(122, 1, 336),
	(122, 2, 340),
	(122, 3, 344),
	(122, 4, 348),
	(122, 1, 352),
	(122, 2, 356),
	(122, 3, 360),
	(122, 4, 364),
	(122, 1, 368),
	(122, 2, 372),
	(122, 3, 376),
	(122, 4, 380),
	(122, 1, 384),
	(122, 2, 388),
	(122, 3, 392),
	(122, 4, 396),
	(122, 1, 400),
	(122, 2, 404),
	(122, 3, 408),
	(122, 4, 412),
	(122, 1, 416),
	(122, 2, 420),
	(122, 3, 424),
	(122, 4, 428),
	(122, 1, 432),
	(122, 2, 436),
	(122, 3, 440),
	(122, 4, 444),
	(122, 1, 448),
	(122, 2, 452),
	(122, 3, 456),
	(122, 4, 460),
	(122, 1, 464),
	(122, 2, 468),
	(122, 3, 472),
	(122, 4, 476),
	(122, 1, 480),
	(122, 2, 484),
	(122, 3, 488),
	(122, 4, 492),
	(122, 1, 496),
	(122, 2, 500),
	(122, 3, 504),
	(122, 4, 508),
	(122, 1, 512),
	(122, 2, 516),
	(122, 3, 520),
	(122, 4, 524),
	(122, 1, 528),
	(122, 2, 532),
	(122, 3, 536),
	(122, 4, 540),
	(122, 1, 544),
	(122, 2, 548),
	(122, 3, 552),
	(122, 4, 556),
	(122, 1, 560),
	(122, 2, 564),
	(122, 3, 568),
	(122, 4, 572),
	(122, 1, 576),
	(122, 2, 580),
	(122, 3, 584),
	(122, 4, 588),
	(122, 1, 592),
	(122, 2, 596),
	(122, 3, 600),
	(122, 4, 604),
	(122, 1, 608),
	(122, 2, 612),
	(122, 3, 616),
	(122, 4, 620),
	(122, 1, 624),
	(122, 2, 628),
	(122, 3, 632),
	(122, 4, 636),
	(122, 1, 640),
	(122, 2, 644),
	(122, 3, 648),
	(122, 4, 652),
	(122, 1, 656),
	(122, 2, 660),
	(122, 3, 664),
	(122, 4, 668),
	(122, 1, 672),
	(122, 2, 676),
	(122, 3, 680),
	(122, 4, 684),
	(122, 1, 688),
	(122, 2, 692),
	(122, 3, 696),
	(122, 4, 700),
	(122, 1, 704),
	(122, 2, 708),
	(122, 3, 712),
	(122, 4, 716),
	(122, 1, 720),
	(122, 2, 724),
	(122, 3, 728),
	(122, 4, 732),
	(122, 1, 736),
	(122, 2, 740),
	(122, 3, 744),
	(122, 4, 748),
	(122, 1, 752),
	(122, 2, 756),
	(122, 3, 760),
	(122, 4, 764),
	(122, 1, 768),
	(122, 2, 772),
	(122, 3, 776),
	(122, 4, 780),
	(122, 1, 784),
	(122, 2, 788),
	(122, 3, 792),
	(122, 4, 796),
	(122, 1, 800),
	(122, 2, 804),
	(122, 3, 808),
	(122, 4, 812),
	(122, 1, 816),
	(122, 2, 820),
	(122, 3, 824),
	(122, 4, 828),
	(122, 1, 832),
	(122, 2, 836),
	(122, 3, 840),
	(122, 4, 844),
	(122, 1, 848),
	(122, 2, 852),
	(122, 3, 856),
	(122, 4, 860),
	(122, 1, 864),
	(122, 2, 868),
	(122, 3, 872),
	(122, 4, 876),
	(122, 1, 880),
	(122, 2, 884),
	(122, 3, 888),
	(122, 4, 892),
	(122, 1, 896),
	(122, 2, 900),
	(122, 3, 904),
	(122, 4, 908),
	(122, 1, 912),
	(122, 2, 916),
	(122, 3, 920),
	(122, 4, 924),
	(122, 1, 928),
	(122, 2, 932),
	(122, 3, 936),
	(122, 4, 940),
	(122, 1, 944),
	(122, 2, 948),
	(122, 3, 952),
	(122, 4, 956),
	(122, 1, 960),
	(122, 2, 964),
	(122, 3, 968),
	(122, 4, 972),
	(122, 1, 976),
	(122, 2, 980),
	(122, 3, 984),
	(122, 4, 988),
	(122, 1, 992),
	(122, 2, 996),
	(122, 3, 1000),
	(122, 4, 1004),
	(122, 1, 1008),
	(122, 2, 1012),
	(122, 3, 1016),
	(122, 4, 1020),
	(122, 1, 1024),
	(122, 2, 1028),
	(122, 3, 1032),
	(122, 4, 1036),
	(122, 1, 1040),
	(122, 2, 1044),
	(122, 3, 1048),
	(122, 4, 1052),
	(122, 1, 1056),
	(122, 2, 1060),
	(122, 3, 1064),
	(122, 4, 1068),
	(122, 1, 1072),
	(122, 2, 1076),
	(122, 3, 1080),
	(122, 4, 1084),
	(122, 1, 1088),
	(122, 2, 1092),
	(122, 3, 1096),
	(122, 4, 1100),
	(122, 1, 1104),
	(122, 2, 1108),
	(122, 3, 1112),
	(122, 4, 1116),
	(122, 1, 1120),
	(122, 2, 1124),
	(122, 3, 1128),
	(122, 4, 1132),
	(122, 1, 1136),
	(122, 2, 1140),
	(122, 3, 1144),
	(122, 4, 1148),
	(122, 1, 1152),
	(122, 2, 1156),
	(122, 3, 1160),
	(122, 4, 1164),
	(122, 1, 1168),
	(122, 2, 1172),
	(122, 3, 1176),
	(122, 4, 1180),
	(122, 1, 1184),
	(122, 2, 1188),
	(122, 3, 1192),
	(122, 4, 1196),
	(122, 1, 1200),
	(122, 2, 1204),
	(122, 3, 1208),
	(122, 4, 1212),
	(122, 1, 1216),
	(122, 2, 1220),
	(122, 3, 1224),
	(122, 4, 1228),
	(122, 1, 1232),
	(122, 2, 1236),
	(122, 3, 1240),
	(122, 4, 1244),
	(122, 1, 1248),
	(122, 2, 1252),
	(122, 3, 1256),
	(122, 4, 1260),
	(122, 1, 1264),
	(122, 2, 1268),
	(122, 3, 1272),
	(122, 4, 1276),
	(122, 1, 1280),
	(122, 2, 1284),
	(122, 3, 1288),
	(122, 4, 1292),
	(122, 1, 1296),
	(122, 2, 1300),
	(122, 3, 1304),
	(122, 4, 1308),
	(122, 1, 1312),
	(122, 2, 1316),
	(122, 3, 1320),
	(122, 4, 1324),
	(122, 1, 1328),
	(122, 2, 1332),
	(122, 3, 1336),
	(122, 4, 1340),
	(122, 1, 1344),
	(122, 2, 1348),
	(122, 3, 1352),
	(122, 4, 1356),
	(122, 1, 1360),
	(122, 2, 1364),
	(122, 3, 1368),
	(122, 4, 1372),
	(122, 1, 1376),
	(122, 2, 1380),
	(122, 3, 1384),
	(122, 4, 1388),
	(122, 1, 1392),
	(122, 2, 1396),
	(122, 3, 1400),
	(122, 4, 1404),
	(122, 1, 1408),
	(122, 2, 1412),
	(122, 3, 1416),
	(122, 4, 1420),
	(122, 1, 1424),
	(122, 2, 1428),
	(122, 3, 1432),
	(122, 4, 1436),
	(122, 1, 1440),
	(122, 2, 1444),
	(122, 3, 1448),
	(122, 4, 1452),
	(122, 1, 1456),
	(122, 2, 1460),
	(122, 3, 1464),
	(122, 4, 1468),
	(122, 1, 1472),
	(122, 2, 1476),
	(122, 3, 1480),
	(122, 4, 1484),
	(122, 1, 1488),
	(122, 2, 1492),
	(122, 3, 1496),
	(122, 4, 1500),
	(122, 1, 1504),
	(122, 2, 1508),
	(122, 3, 1512),
	(122, 4, 1516),
	(122, 1, 1520),
	(122, 2, 1524),
	(122, 3, 1528),
	(122, 4, 1532),
	(122, 1, 1536),
	(122, 2, 1540),
	(122, 3, 1544),
	(122, 4, 1548),
	(122, 1, 1552),
	(122, 2, 1556),
	(122, 3, 1560),
	(122, 4, 1564),
	(122, 1, 1568),
	(122, 2, 1572),
	(122, 3, 1576),
	(122, 4, 1580),
	(122, 1, 1584),
	(122, 2, 1588),
	(122, 3, 1592),
	(122, 4, 1596),
	(123, 1, 0),
	(123, 2, 4),
	(123, 3, 8),
	(123, 4, 12),
	(123, 1, 16),
	(123, 2, 20),
	(123, 3, 24),
	(123, 4, 28),
	(123, 1, 32),
	(123, 2, 36),
	(123, 3, 40),
	(123, 4, 44),
	(123, 1, 48),
	(123, 2, 52),
	(123, 3, 56),
	(123, 4, 60),
	(123, 1, 64),
	(123, 2, 68),
	(123, 3, 72),
	(123, 4, 76),
	(123, 1, 80),
	(123, 2, 84),
	(123, 3, 88),
	(123, 4, 92),
	(123, 1, 96),
	(123, 2, 100),
	(123, 3, 104),
	(123, 4, 108),
	(123, 1, 112),
	(123, 2, 116),
	(123, 3, 120),
	(123, 4, 124),
	(123, 1, 128),
	(123, 2, 132),
	(123, 3, 136),
	(123, 4, 140),
	(123, 1, 144),
	(123, 2, 148),
	(123, 3, 152),
	(123, 4, 156),
	(123, 1, 160),
	(123, 2, 164),
	(123, 3, 168),
	(123, 4, 172),
	(123, 1, 176),
	(123, 2, 180),
	(123, 3, 184),
	(123, 4, 188),
	(123, 1, 192),
	(123, 2, 196),
	(123, 3, 200),
	(123, 4, 204),
	(123, 1, 208),
	(123, 2, 212),
	(123, 3, 216),
	(123, 4, 220),
	(123, 1, 224),
	(123, 2, 228),
	(123, 3, 232),
	(123, 4, 236),
	(123, 1, 240),
	(123, 2, 244),
	(123, 3, 248),
	(123, 4, 252),
	(123, 1, 256),
	(123, 2, 260),
	(123, 3, 264),
	(123, 4, 268),
	(123, 1, 272),
	(123, 2, 276),
	(123, 3, 280),
	(123, 4, 284),
	(123, 1, 288),
	(123, 2, 292),
	(123, 3, 296),
	(123, 4, 300),
	(123, 1, 304),
	(123, 2, 308),
	(123, 3, 312),
	(123, 4, 316),
	(123, 1, 320),
	(123, 2, 324),
	(123, 3, 328),
	(123, 4, 332),
	(123, 1, 336),
	(123, 2, 340),
	(123, 3, 344),
	(123, 4, 348),
	(123, 1, 352),
	(123, 2, 356),
	(123, 3, 360),
	(123, 4, 364),
	(123, 1, 368),
	(123, 2, 372),
	(123, 3, 376),
	(123, 4, 380),
	(123, 1, 384),
	(123, 2, 388),
	(123, 3, 392),
	(123, 4, 396),
	(123, 1, 400),
	(123, 2, 404),
	(123, 3, 408),
	(123, 4, 412),
	(123, 1, 416),
	(123, 2, 420),
	(123, 3, 424),
	(123, 4, 428),
	(123, 1, 432),
	(123, 2, 436),
	(123, 3, 440),
	(123, 4, 444),
	(123, 1, 448),
	(123, 2, 452),
	(123, 3, 456),
	(123, 4, 460),
	(123, 1, 464),
	(123, 2, 468),
	(123, 3, 472),
	(123, 4, 476),
	(123, 1, 480),
	(123, 2, 484),
	(123, 3, 488),
	(123, 4, 492),
	(123, 1, 496),
	(123, 2, 500),
	(123, 3, 504),
	(123, 4, 508),
	(123, 1, 512),
	(123, 2, 516),
	(123, 3, 520),
	(123, 4, 524),
	(123, 1, 528),
	(123, 2, 532),
	(123, 3, 536),
	(123, 4, 540),
	(123, 1, 544),
	(123, 2, 548),
	(123, 3, 552),
	(123, 4, 556),
	(123, 1, 560),
	(123, 2, 564),
	(123, 3, 568),
	(123, 4, 572),
	(123, 1, 576),
	(123, 2, 580),
	(123, 3, 584),
	(123, 4, 588),
	(123, 1, 592),
	(123, 2, 596),
	(123, 3, 600),
	(123, 4, 604),
	(123, 1, 608),
	(123, 2, 612),
	(123, 3, 616),
	(123, 4, 620),
	(123, 1, 624),
	(123, 2, 628),
	(123, 3, 632),
	(123, 4, 636),
	(123, 1, 640),
	(123, 2, 644),
	(123, 3, 648),
	(123, 4, 652),
	(123, 1, 656),
	(123, 2, 660),
	(123, 3, 664),
	(123, 4, 668),
	(123, 1, 672),
	(123, 2, 676),
	(123, 3, 680),
	(123, 4, 684),
	(123, 1, 688),
	(123, 2, 692),
	(123, 3, 696),
	(123, 4, 700),
	(123, 1, 704),
	(123, 2, 708),
	(123, 3, 712),
	(123, 4, 716),
	(123, 1, 720),
	(123, 2, 724),
	(123, 3, 728),
	(123, 4, 732),
	(123, 1, 736),
	(123, 2, 740),
	(123, 3, 744),
	(123, 4, 748),
	(123, 1, 752),
	(123, 2, 756),
	(123, 3, 760),
	(123, 4, 764),
	(123, 1, 768),
	(123, 2, 772),
	(123, 3, 776),
	(123, 4, 780),
	(123, 1, 784),
	(123, 2, 788),
	(123, 3, 792),
	(123, 4, 796),
	(123, 1, 800),
	(123, 2, 804),
	(123, 3, 808),
	(123, 4, 812),
	(123, 1, 816),
	(123, 2, 820),
	(123, 3, 824),
	(123, 4, 828),
	(123, 1, 832),
	(123, 2, 836),
	(123, 3, 840),
	(123, 4, 844),
	(123, 1, 848),
	(123, 2, 852),
	(123, 3, 856),
	(123, 4, 860),
	(123, 1, 864),
	(123, 2, 868),
	(123, 3, 872),
	(123, 4, 876),
	(123, 1, 880),
	(123, 2, 884),
	(123, 3, 888),
	(123, 4, 892),
	(123, 1, 896),
	(123, 2, 900),
	(123, 3, 904),
	(123, 4, 908),
	(123, 1, 912),
	(123, 2, 916),
	(123, 3, 920),
	(123, 4, 924),
	(123, 1, 928),
	(123, 2, 932),
	(123, 3, 936),
	(123, 4, 940),
	(123, 1, 944),
	(123, 2, 948),
	(123, 3, 952),
	(123, 4, 956),
	(123, 1, 960),
	(123, 2, 964),
	(123, 3, 968),
	(123, 4, 972),
	(123, 1, 976),
	(123, 2, 980),
	(123, 3, 984),
	(123, 4, 988),
	(123, 1, 992),
	(123, 2, 996),
	(123, 3, 1000),
	(123, 4, 1004),
	(123, 1, 1008),
	(123, 2, 1012),
	(123, 3, 1016),
	(123, 4, 1020),
	(123, 1, 1024),
	(123, 2, 1028),
	(123, 3, 1032),
	(123, 4, 1036),
	(123, 1, 1040),
	(123, 2, 1044),
	(123, 3, 1048),
	(123, 4, 1052),
	(123, 1, 1056),
	(123, 2, 1060),
	(123, 3, 1064),
	(123, 4, 1068),
	(123, 1, 1072),
	(123, 2, 1076),
	(123, 3, 1080),
	(123, 4, 1084),
	(123, 1, 1088),
	(123, 2, 1092),
	(123, 3, 1096),
	(123, 4, 1100),
	(123, 1, 1104),
	(123, 2, 1108),
	(123, 3, 1112),
	(123, 4, 1116),
	(123, 1, 1120),
	(123, 2, 1124),
	(123, 3, 1128),
	(123, 4, 1132),
	(123, 1, 1136),
	(123, 2, 1140),
	(123, 3, 1144),
	(123, 4, 1148),
	(123, 1, 1152),
	(123, 2, 1156),
	(123, 3, 1160),
	(123, 4, 1164),
	(123, 1, 1168),
	(123, 2, 1172),
	(123, 3, 1176),
	(123, 4, 1180),
	(123, 1, 1184),
	(123, 2, 1188),
	(123, 3, 1192),
	(123, 4, 1196),
	(123, 1, 1200),
	(123, 2, 1204),
	(123, 3, 1208),
	(123, 4, 1212),
	(123, 1, 1216),
	(123, 2, 1220),
	(123, 3, 1224),
	(123, 4, 1228),
	(123, 1, 1232),
	(123, 2, 1236),
	(123, 3, 1240),
	(123, 4, 1244),
	(123, 1, 1248),
	(123, 2, 1252),
	(123, 3, 1256),
	(123, 4, 1260),
	(123, 1, 1264),
	(123, 2, 1268),
	(123, 3, 1272),
	(123, 4, 1276),
	(123, 1, 1280),
	(123, 2, 1284),
	(123, 3, 1288),
	(123, 4, 1292),
	(123, 1, 1296),
	(123, 2, 1300),
	(123, 3, 1304),
	(123, 4, 1308),
	(123, 1, 1312),
	(123, 2, 1316),
	(123, 3, 1320),
	(123, 4, 1324),
	(123, 1, 1328),
	(123, 2, 1332),
	(123, 3, 1336),
	(123, 4, 1340),
	(123, 1, 1344),
	(123, 2, 1348),
	(123, 3, 1352),
	(123, 4, 1356),
	(123, 1, 1360),
	(123, 2, 1364),
	(123, 3, 1368),
	(123, 4, 1372),
	(123, 1, 1376),
	(123, 2, 1380),
	(123, 3, 1384),
	(123, 4, 1388),
	(123, 1, 1392),
	(123, 2, 1396),
	(123, 3, 1400),
	(123, 4, 1404),
	(123, 1, 1408),
	(123, 2, 1412),
	(123, 3, 1416),
	(123, 4, 1420),
	(123, 1, 1424),
	(123, 2, 1428),
	(123, 3, 1432),
	(123, 4, 1436),
	(123, 1, 1440),
	(123, 2, 1444),
	(123, 3, 1448),
	(123, 4, 1452),
	(123, 1, 1456),
	(123, 2, 1460),
	(123, 3, 1464),
	(123, 4, 1468),
	(123, 1, 1472),
	(123, 2, 1476),
	(123, 3, 1480),
	(123, 4, 1484),
	(123, 1, 1488),
	(123, 2, 1492),
	(123, 3, 1496),
	(123, 4, 1500),
	(123, 1, 1504),
	(123, 2, 1508),
	(123, 3, 1512),
	(123, 4, 1516),
	(123, 1, 1520),
	(123, 2, 1524),
	(123, 3, 1528),
	(123, 4, 1532),
	(123, 1, 1536),
	(123, 2, 1540),
	(123, 3, 1544),
	(123, 4, 1548),
	(123, 1, 1552),
	(123, 2, 1556),
	(123, 3, 1560),
	(123, 4, 1564),
	(123, 1, 1568),
	(123, 2, 1572),
	(123, 3, 1576),
	(123, 4, 1580),
	(123, 1, 1584),
	(123, 2, 1588),
	(123, 3, 1592),
	(123, 4, 1596),
	(124, 1, 0),
	(124, 2, 4),
	(124, 3, 8),
	(124, 4, 12),
	(125, 1, 0),
	(125, 2, 4),
	(125, 3, 8),
	(125, 4, 12),
	(126, 1, 0),
	(126, 2, 4),
	(126, 3, 8),
	(126, 4, 12),
	(127, 1, 0),
	(127, 2, 4),
	(127, 3, 8),
	(127, 4, 12),
	(128, 1, 0),
	(128, 2, 4),
	(128, 3, 8),
	(128, 4, 12),
	(129, 1, 0),
	(129, 2, 4),
	(129, 3, 8),
	(129, 4, 12),
	(130, 1, 0),
	(130, 2, 4),
	(130, 3, 8),
	(130, 4, 12),
	(131, 1, 0),
	(131, 2, 4),
	(131, 3, 8),
	(131, 4, 12),
	(132, 1, 0),
	(132, 2, 4),
	(132, 3, 8),
	(132, 4, 12),
	(133, 1, 0),
	(133, 2, 4),
	(133, 3, 8),
	(133, 4, 12),
	(134, 1, 0),
	(134, 2, 4),
	(134, 3, 8),
	(134, 4, 12);
/*!40000 ALTER TABLE `orderdetails` ENABLE KEYS */;


-- Dumping structure for table spartan.orderinfo
CREATE TABLE IF NOT EXISTS `orderinfo` (
  `orderNo` int(11) NOT NULL AUTO_INCREMENT,
  `orderTime` timestamp NOT NULL DEFAULT CURRENT_TIMESTAMP ON UPDATE CURRENT_TIMESTAMP,
  `shippingTime` timestamp NULL DEFAULT NULL,
  `status` tinyint(4) DEFAULT '0',
  `phone` varchar(50) DEFAULT NULL,
  PRIMARY KEY (`orderNo`),
  KEY `FK_orderinfo_customer` (`phone`),
  CONSTRAINT `FK_orderinfo_customer` FOREIGN KEY (`phone`) REFERENCES `customer` (`phone`)
) ENGINE=InnoDB AUTO_INCREMENT=135 DEFAULT CHARSET=latin1 COMMENT='Status: \r\n0 - Pending\r\n1 - In progress\r\n2 - Backordered\r\n3- Complete';

-- Dumping data for table spartan.orderinfo: ~33 rows (approximately)
/*!40000 ALTER TABLE `orderinfo` DISABLE KEYS */;
INSERT INTO `orderinfo` (`orderNo`, `orderTime`, `shippingTime`, `status`, `phone`) VALUES
	(101, '2014-06-03 21:39:59', NULL, 0, '2147483647'),
	(102, '2014-06-04 01:19:41', NULL, 0, '2147483647'),
	(103, '2014-06-04 01:30:34', NULL, 121, NULL),
	(104, '2014-06-04 01:31:32', NULL, 121, '129'),
	(105, '2014-06-04 02:41:01', NULL, 0, '130'),
	(106, '2014-06-07 04:38:37', NULL, 0, '1-123-2344'),
	(107, '2014-06-07 04:41:36', NULL, 0, '1-123-2344'),
	(108, '2014-06-07 04:42:15', NULL, 0, '1-123-2344'),
	(109, '2014-06-07 04:43:17', NULL, 0, '1-123-2344'),
	(110, '2014-06-07 04:43:18', NULL, 0, '1-123-2344'),
	(111, '2014-06-07 04:43:18', NULL, 0, '1-123-2344'),
	(112, '2014-06-07 04:43:18', NULL, 0, '1-123-2344'),
	(113, '2014-06-07 04:43:19', NULL, 0, '1-123-2344'),
	(114, '2014-06-07 05:08:56', NULL, 0, '1-123-2344'),
	(115, '2014-06-07 05:11:52', NULL, 0, '1-123-2344'),
	(116, '2014-06-07 05:16:48', NULL, 0, '1-123-2344'),
	(117, '2014-06-07 05:16:50', NULL, 0, '1-123-2344'),
	(118, '2014-06-07 05:16:55', NULL, 0, '1-123-2344'),
	(119, '2014-06-07 05:17:11', NULL, 0, '1-123-2344'),
	(120, '2014-06-07 05:17:12', NULL, 0, '1-123-2344'),
	(121, '2014-06-07 05:17:13', NULL, 0, '1-123-2344'),
	(122, '2014-06-07 05:17:15', NULL, 0, '1-123-2344'),
	(123, '2014-06-07 06:13:08', NULL, 0, '1-123-2344'),
	(124, '2014-06-07 09:12:38', NULL, 0, '1-123-2344'),
	(125, '2014-06-07 09:12:40', NULL, 0, '1-123-2344'),
	(126, '2014-06-07 09:14:27', NULL, 0, '1-123-2344'),
	(127, '2014-06-07 09:19:27', NULL, 0, '1-123-2344'),
	(128, '2014-06-07 09:35:18', NULL, 0, '1-123-2344'),
	(129, '2014-06-09 02:45:33', NULL, 0, '1-123-2344'),
	(130, '2014-06-09 02:45:36', NULL, 0, '1-123-2344'),
	(131, '2014-06-09 02:45:37', NULL, 0, '1-123-2344'),
	(132, '2014-06-09 02:45:38', NULL, 0, '1-123-2344'),
	(133, '2014-06-09 02:45:38', NULL, 0, '1-123-2344'),
	(134, '2014-06-09 02:45:38', NULL, 0, '1-123-2344');
/*!40000 ALTER TABLE `orderinfo` ENABLE KEYS */;


-- Dumping structure for table spartan.robotstatus
CREATE TABLE IF NOT EXISTS `robotstatus` (
  `orderNo` int(11) DEFAULT NULL,
  `stn1Visited` tinyint(4) DEFAULT NULL COMMENT '0 - Not visited; 1- visited',
  `stn2Visited` tinyint(4) DEFAULT NULL COMMENT '0 - Not visited; 1- visited',
  `stn3Visited` tinyint(4) DEFAULT NULL COMMENT '0 - Not visited; 1- visited',
  `stn4Visited` tinyint(4) DEFAULT NULL COMMENT '0 - Not visited; 1- visited',
  KEY `FK_robotStatus_order` (`orderNo`),
  CONSTRAINT `FK_robotStatus_order` FOREIGN KEY (`orderNo`) REFERENCES `orderinfo` (`orderNo`)
) ENGINE=InnoDB DEFAULT CHARSET=latin1;

-- Dumping data for table spartan.robotstatus: ~0 rows (approximately)
/*!40000 ALTER TABLE `robotstatus` DISABLE KEYS */;
/*!40000 ALTER TABLE `robotstatus` ENABLE KEYS */;


-- Dumping structure for table spartan.warehouse
CREATE TABLE IF NOT EXISTS `warehouse` (
  `warehouseId` int(11) NOT NULL,
  `invStations` int(11) NOT NULL,
  `shippingStations` int(11) NOT NULL,
  `robots` int(11) NOT NULL,
  PRIMARY KEY (`warehouseId`)
) ENGINE=InnoDB DEFAULT CHARSET=latin1 COMMENT='Stores the Warehouse ID, No of Inventory Stations , No of Shipping Stations, No of Robots';

-- Dumping data for table spartan.warehouse: ~0 rows (approximately)
/*!40000 ALTER TABLE `warehouse` DISABLE KEYS */;
INSERT INTO `warehouse` (`warehouseId`, `invStations`, `shippingStations`, `robots`) VALUES
	(1, 3, 1, 1);
/*!40000 ALTER TABLE `warehouse` ENABLE KEYS */;


-- Dumping structure for table spartan.widget
CREATE TABLE IF NOT EXISTS `widget` (
  `widgetId` int(11) NOT NULL AUTO_INCREMENT,
  `name` varchar(50) NOT NULL,
  `description` varchar(100) NOT NULL,
  `quantity` int(11) NOT NULL,
  `stationId` int(11) NOT NULL DEFAULT '0' COMMENT 'Station Id like 1, 2 or 3',
  PRIMARY KEY (`widgetId`),
  UNIQUE KEY `name` (`name`)
) ENGINE=InnoDB AUTO_INCREMENT=31 DEFAULT CHARSET=latin1;

-- Dumping data for table spartan.widget: ~16 rows (approximately)
/*!40000 ALTER TABLE `widget` DISABLE KEYS */;
INSERT INTO `widget` (`widgetId`, `name`, `description`, `quantity`, `stationId`) VALUES
	(1, 'BasketBall', '', 165, 0),
	(2, 'BaseBall', '', 165, 0),
	(3, 'RugbyBall', '', 165, 0),
	(4, 'FootBall', '', 165, 0),
	(16, 'button', 'button', 165, 0),
	(17, 'asdfj', 'kjsa', 165, 0),
	(18, 'hjaf', 'jh', 165, 2),
	(19, 'cricketball', 'cricket ball', 165, 1),
	(21, 'cricketball1', 'cricket ball', 165, 0),
	(22, 'checkbox', 'check box', 165, 2),
	(23, 'ryrt', 'ytrytrty', 123213, 0),
	(24, 'lkhjklj', 'ghgfh', 213, 0),
	(25, 'jhj', 'jkhk', 7, 0),
	(27, 'jhjkj', 'jkhk', 7, 0),
	(28, 'jhjkjh', 'jkhk', 7, 0),
	(30, 'jhjkjhkjh', 'jkhk', 7, 0);
/*!40000 ALTER TABLE `widget` ENABLE KEYS */;
/*!40101 SET SQL_MODE=IFNULL(@OLD_SQL_MODE, '') */;
/*!40014 SET FOREIGN_KEY_CHECKS=IF(@OLD_FOREIGN_KEY_CHECKS IS NULL, 1, @OLD_FOREIGN_KEY_CHECKS) */;
/*!40101 SET CHARACTER_SET_CLIENT=@OLD_CHARACTER_SET_CLIENT */;

-- Dumping data for table spartan.warehouse: ~0 rows (approximately)
/*!40000 ALTER TABLE `warehouse` DISABLE KEYS */;
INSERT INTO `robotstatus` (`orderNo`, `stn1Visited`, `stn2Visited`, `stn3Visited`, `stn4Visited`, `stn1Need`, `stn2Need`, `stn3Need`, `stn4Need` ) VALUES
	(121, 1, 0, 0, 0, 1, 1, 1, 1),
	(130, 1, 1, 0, 0, 1, 1, 1, 1),
	(131, 1, 1, 1, 0, 1, 1, 1, 1),
	(132, 0, 0, 0, 0, 1, 1, 1, 1),
	(133, 1, 1, 1, 1, 1, 1, 1, 1),
	(134, 1, 0, 1, 0, 1, 1, 1, 1)
    ;
/*!40000 ALTER TABLE `warehouse` ENABLE KEYS */;
